pepi,bel,main street,19,pld
pepi,bel,main street,19,pld
pepi,bel,main street,19,pld
pepi,bel,main street,19,pld
pepi,bel,main street,19,pld
pepi,bel,main street,19,pld
pepi,bel,main street,19,pld
pepi,bel,main street,19,pld
pepi,bel,main street,19,pld
pepi,bel,main street,19,pld
pepi,bel,main street,19,pld
pepi,bel,main street,19,pld
pepi,bel,main street,19,pld
pepi,bel,main street,19,pld
pepi,bel,main street,19,pld
pepi,bel,main street,19,pld
pepi,bel,main street,19,pld
pepi,bel,main street,19,pld
pepi,bel,main street,19,pld
pepi,bel,main street,19,pld
pepi,bel,main street,19,pld
pepi,bel,main street,19,pld
pepi,bel,main street,19,pld
pepi,bel,main street,19,pld
pepi,bel,main street,19,pld
pepi,bel,main street,19,pld
pepi,bel,main street,19,pld
pepi,bel,main street,19,pld
pepi,bel,main street,19,pld
pepi,bel,main street,19,pld
pepi,bel,main street,19,pld
pepi,bel,main street,19,pld
pepi,bel,main street,19,pld
pepi,bel,main street,19,pld
pepi,bel,main street,19,pld
pepi,bel,main street,19,pld
pepi,bel,main street,19,pld
pepi,bel,main street,19,pld
pepi,bel,main street,19,pld
pepi,bel,main street,19,pld
pepi,bel,main street,19,pld
pepi,bel,main street,19,pld
pepi,bel,main street,19,pld
pepi,bel,main street,19,pld
pepi,bel,main street,19,pld
pepi,bel,main street,19,pld
pepi,bel,main street,19,pld
pepi,bel,main street,19,pld
pepi,bel,main street,19,pld
pepi,bel,main street,19,pld
pepi,bel,main street,19,pld
pepi,bel,main street,19,pld
pepi,bel,main street,19,pld
pepi,bel,main street,19,pld
pepi,bel,main street,19,pld
pepi,bel,main street,19,pld
pepi,bel,main street,19,pld
pepi,bel,main street,19,pld
pepi,bel,main street,19,pld
pepi,bel,main street,19,pld
pepi,bel,main street,19,pld
pepi,bel,main street,19,pld
pepi,bel,main street,19,pld
pepi,bel,main street,19,pld
pepi,bel,main street,19,pld
pepi,bel,main street,19,pld
pepi,bel,main street,19,pld
pepi,bel,main street,19,pld
pepi,bel,main street,19,pld
pepi,bel,main street,19,pld
pepi,bel,main street,19,pld
pepi,bel,main street,19,pld
pepi,bel,main street,19,pld
pepi,bel,main street,19,pld
pepi,bel,main street,19,pld
pepi,bel,main street,19,pld
pepi,bel,main street,19,pld
pepi,bel,main street,19,pld
pepi,bel,main street,19,pld
pepi,bel,main street,19,pld
pepi,bel,main street,19,pld
pepi,bel,main street,19,pld
pepi,bel,main street,19,pld
pepi,bel,main street,19,pld
pepi,bel,main street,19,pld
pepi,bel,main street,19,pld
pepi,bel,main street,19,pld
pepi,bel,main street,19,pld
pepi,bel,main street,19,pld
pepi,bel,main street,19,pld
pepi,bel,main street,19,pld
pepi,bel,main street,19,pld
pepi,bel,main street,19,pld
pepi,bel,main street,19,pld
pepi,bel,main street,19,pld
pepi,bel,main street,19,pld
pepi,bel,main street,19,pld
pepi,bel,main street,19,pld
pepi,bel,main street,19,pld
pepi,bel,main street,19,pld
pepi,bel,main street,19,pld
pepi,bel,main street,19,pld
pepi,bel,main street,19,pld
pepi,bel,main street,19,pld
pepi,bel,main street,19,pld
pepi,bel,main street,19,pld
pepi,bel,main street,19,pld
pepi,bel,main street,19,pld
pepi,bel,main street,19,pld
pepi,bel,main street,19,pld
pepi,bel,main street,19,pld
pepi,bel,main street,19,pld
pepi,bel,main street,19,pld
pepi,bel,main street,19,pld
pepi,bel,main street,19,pld
pepi,bel,main street,19,pld
pepi,bel,main street,19,pld
pepi,bel,main street,19,pld
pepi,bel,main street,19,pld
pepi,bel,main street,19,pld
pepi,bel,main street,19,pld
pepi,bel,main street,19,pld
pepi,bel,main street,19,pld
pepi,bel,main street,19,pld
pepi,bel,main street,19,pld
pepi,bel,main street,19,pld
pepi,bel,main street,19,pld
pepi,bel,main street,19,pld
pepi,bel,main street,19,pld
pepi,bel,main street,19,pld
pepi,bel,main street,19,pld
pepi,bel,main street,19,pld
pepi,bel,main street,19,pld
pepi,bel,main street,19,pld
pepi,bel,main street,19,pld
pepi,bel,main street,19,pld
pepi,bel,main street,19,pld
pepi,bel,main street,19,pld
pepi,bel,main street,19,pld
pepi,bel,main street,19,pld
pepi,bel,main street,19,pld
pepi,bel,main street,19,pld
pepi,bel,main street,19,pld
pepi,bel,main street,19,pld
pepi,bel,main street,19,pld
pepi,bel,main street,19,pld
pepi,bel,main street,19,pld
pepi,bel,main street,19,pld
pepi,bel,main street,19,pld
pepi,bel,main street,19,pld
pepi,bel,main street,19,pld
pepi,bel,main street,19,pld
pepi,bel,main street,19,pld
pepi,bel,main street,19,pld
pepi,bel,main street,19,pld
pepi,bel,main street,19,pld
pepi,bel,main street,19,pld
pepi,bel,main street,19,pld
pepi,bel,main street,19,pld
pepi,bel,main street,19,pld
pepi,bel,main street,19,pld
pepi,bel,main street,19,pld
pepi,bel,main street,19,pld
pepi,bel,main street,19,pld
pepi,bel,main street,19,pld
pepi,bel,main street,19,pld
pepi,bel,main street,19,pld
pepi,bel,main street,19,pld
pepi,bel,main street,19,pld
pepi,bel,main street,19,pld
pepi,bel,main street,19,pld
pepi,bel,main street,19,pld
pepi,bel,main street,19,pld
pepi,bel,main street,19,pld
pepi,bel,main street,19,pld
pepi,bel,main street,19,pld
pepi,bel,main street,19,pld
pepi,bel,main street,19,pld
pepi,bel,main street,19,pld
pepi,bel,main street,19,pld
pepi,bel,main street,19,pld
pepi,bel,main street,19,pld
pepi,bel,main street,19,pld
pepi,bel,main street,19,pld
pepi,bel,main street,19,pld
pepi,bel,main street,19,pld
pepi,bel,main street,19,pld
pepi,bel,main street,19,pld
pepi,bel,main street,19,pld
pepi,bel,main street,19,pld
pepi,bel,main street,19,pld
pepi,bel,main street,19,pld
pepi,bel,main street,19,pld
pepi,bel,main street,19,pld
pepi,bel,main street,19,pld
pepi,bel,main street,19,pld
pepi,bel,main street,19,pld
pepi,bel,main street,19,pld
pepi,bel,main street,19,pld
pepi,bel,main street,19,pld
pepi,bel,main street,19,pld
pepi,bel,main street,19,pld
pepi,bel,main street,19,pld
pepi,bel,main street,19,pld
pepi,bel,main street,19,pld
pepi,bel,main street,19,pld
pepi,bel,main street,19,pld
pepi,bel,main street,19,pld
pepi,bel,main street,19,pld
pepi,bel,main street,19,pld
pepi,bel,main street,19,pld
pepi,bel,main street,19,pld
pepi,bel,main street,19,pld
pepi,bel,main street,19,pld
pepi,bel,main street,19,pld
pepi,bel,main street,19,pld
pepi,bel,main street,19,pld
pepi,bel,main street,19,pld
pepi,bel,main street,19,pld
pepi,bel,main street,19,pld
pepi,bel,main street,19,pld
pepi,bel,main street,19,pld
pepi,bel,main street,19,pld
pepi,bel,main street,19,pld
pepi,bel,main street,19,pld
pepi,bel,main street,19,pld
pepi,bel,main street,19,pld
pepi,bel,main street,19,pld
pepi,bel,main street,19,pld
pepi,bel,main street,19,pld
pepi,bel,main street,19,pld
pepi,bel,main street,19,pld
pepi,bel,main street,19,pld
pepi,bel,main street,19,pld
pepi,bel,main street,19,pld
pepi,bel,main street,19,pld
pepi,bel,main street,19,pld
pepi,bel,main street,19,pld
pepi,bel,main street,19,pld
pepi,bel,main street,19,pld
pepi,bel,main street,19,pld
pepi,bel,main street,19,pld
pepi,bel,main street,19,pld
pepi,bel,main street,19,pld
pepi,bel,main street,19,pld
pepi,bel,main street,19,pld
pepi,bel,main street,19,pld
pepi,bel,main street,19,pld
pepi,bel,main street,19,pld
pepi,bel,main street,19,pld
pepi,bel,main street,19,pld
pepi,bel,main street,19,pld
pepi,bel,main street,19,pld
pepi,bel,main street,19,pld
pepi,bel,main street,19,pld
